Product_Name, PlatForm, Price_Down, Original_Price,Price, RatePercent, User_Amount,,
Paradox Interactive Collection,['win'],,$936.49 ,$681.43 ,83%,227489,,
Rainbow Six Bundle,['win'],-34%,$79.95 ,$48.55 ,78%,201268,,
Tom Clancy's Rainbow Six¬Æ Siege,['win'],-65%,$39.99 ,$13.99 ,78%,197517,,
Rocket League¬Æ,['win'/ 'mac'/ 'lin'],-50%,$19.99 ,$9.99 ,91%,165325,,
ARK: Survival Evolved Explorer's Edition,['win'/ 'mac'/ 'lin'],-51%,$94.98 ,$46.77 ,69%,162439,,
ARK: Survival Evolved,['win'/ 'mac'/ 'lin'],-60%,$49.99 ,$19.99 ,68%,155562,,
Tripwire Complete Bundle,[],-75%,$408.60 ,$194.00 ,88%,98350,,
STAR WARS‚Ñ¢ Complete Collection,['win'],-30%,$282.75 ,$215.74 ,88%,75654,,
This War of Mine and Frostpunk,['win'],-40%,$49.98 ,$36.07 ,92%,53619,,
Sid Meier‚Äôs Civilization VI Gold Edition,['win'/ 'mac'/ 'lin'],-69%,$127.92 ,$39.98 ,63%,36326,,
Sid Meier‚Äôs Civilization¬Æ VI,['win'/ 'mac'/ 'lin'],-70%,$59.99 ,$18.00 ,66%,31684,,
Zup-qop! For gifts,['win'],-10%,$14.85 ,$13.22 ,92%,21699,,
Zup-qop!,['win'],,$14.85 ,$13.22 ,92%,21697,,
Zup-Zup!,['win'],-30%,$11.88 ,$10.55 ,92%,21228,,
Zup-Zup! For gifts,['win'],-30%,$11.88 ,$10.55 ,92%,21224,,
Planet Coaster Deluxe Edition,['win'],-52%,$99.94 ,$47.74 ,87%,19040,,
Rising Storm 2: Vietnam - Complete Bundle,['win'],-30%,$100.90 ,$33.98 ,76%,18765,,
Planet Coaster,['win'],-60%,$44.99 ,$17.99 ,88%,18647,,
Rising Storm 2: Vietnam,['win'],-67%,$24.99 ,$8.25 ,76%,18483,,
Warhammer: Vermintide 2 - Collector's Edition,['win'],-50%,$44.99 ,$22.49 ,72%,18267,,
Warhammer: Vermintide 2,['win'],-50%,$29.99 ,$14.99 ,72%,18042,,
World of Magicka Bundle,['win'],-67%,$105.72 ,$34.83 ,87%,16828,,
Frostpunk,['win'],-33%,$29.99 ,$20.09 ,85%,14475,,
Magicka,['win'],-75%,$9.99 ,$2.49 ,91%,12526,,
Steam Controller and Link,['win'/ 'mac'/ 'lin'],-64%,$99.98 ,$35.61 ,73%,12509,,
Steam Controller,['win'/ 'mac'/ 'lin'],-30%,$49.99 ,$34.99 ,73%,7384,,
Steam Link,['win'/ 'mac'/ 'lin'],-95%,$49.99 ,$2.50 ,73%,5125,,
Daedalic Artist Selection Bundle,['win'/ 'mac'],,$130.92 ,$42.68 ,85%,4880,,
Dinosaur Hunt XXL Edition,['win'/ 'mac'/ 'lin'],-58%,$64.78 ,$6.10 ,60%,4473,,
Daedalic Halloween Bundle,['win'/ 'mac'],-50%,$64.95 ,$23.54 ,80%,4458,,
Daedalic Adventure Bundle II,['win'/ 'mac'],,$79.95 ,$27.45 ,84%,4017,,
BIT.TRIP Collection,['win'/ 'mac'],,$49.99 ,$8.99 ,87%,3994,,
ARK: Scorched Earth - Expansion Pack,['win'/ 'mac'/ 'lin'],-60%,$19.99 ,$7.99 ,77%,3705,,
NBA 2K19,['win'],-50%,$59.99 ,$29.99 ,22%,3677,,
The Daedalic Comedy Selection,['win'],-33%,$29.99 ,$8.99 ,87%,3667,,
Magicka 2,['win'/ 'mac'/ 'lin'],-75%,$14.99 ,$3.74 ,76%,3632,,
Surviving Mars,['win'/ 'mac'/ 'lin'],-30%,$29.99 ,$20.99 ,66%,3326,,
Monkey Island Collection,['win'],-50%,$33.96 ,$24.15 ,95%,3293,,
Tom Clancy's Rainbow Six¬Æ Siege - Year 3 Pass,['win'],-30%,$29.99 ,$20.99 ,84%,3173,,
Civilization VI ‚Äì Civilization & Scenario Pack Bundle,['win'/ 'mac'/ 'lin'],-33%,$37.94 ,$20.08 ,29%,3092,,
Bit.Trip.Runner Franchise Pack,['win'/ 'mac'],,$16.99 ,$5.94 ,91%,3010,,
ARCADE ONSLAUGHT,['win'],-50%,$18.87 ,$12.71 ,91%,2734,,
TrackMania¬≤ Stadium,['win'],-50%,$9.99 ,$4.99 ,81%,2569,,
Dinosaur Hunt Special Edition,['win'/ 'mac'/ 'lin'],,$13.89 ,$1.25 ,64%,2558,,
Dinosaur Hunt,['win'/ 'mac'/ 'lin'],-40%,$0.99 ,$0.49 ,64%,2443,,
Owlboy Collector's Edition,['win'/ 'mac'/ 'lin'],-51%,,,90%,2253,,
ARK: Aberration - Expansion Pack,['win'/ 'mac'/ 'lin'],-50%,$19.99 ,$9.99 ,74%,2069,,
NukGames Complete Bundle,['win'],-51%,$14.85 ,$2.80 ,86%,2035,,
8-Bit Complete Collection,['win'],-60%,$60.93 ,$35.91 ,81%,1971,,
Action Bundle,['win'],,$115.51 ,$101.75 ,51%,1947,,
Blackguards,['win'],-34%,$9.99 ,$1.99 ,63%,1922,,
Soul Gambler: Dark Arts Edition,['win'],-90%,$3.99 ,$0.51 ,88%,1899,,
Soul Gambler,['win'],,$3.99 ,$0.51 ,88%,1856,,
Get Some,['win'],,$74.56 ,$29.04 ,52%,1847,,
Deponia: The Complete Journey,['win'/ 'mac'/ 'lin'],-85%,$29.99 ,$4.49 ,88%,1754,,
Tormentum - Dark Sorrow,['win'/ 'mac'],-15%,$11.99 ,$7.19 ,93%,1617,,
Solitaire Collection,['win'/ 'mac'],-51%,$49.95 ,$30.70 ,90%,1590,,
Rocket League¬Æ - Supersonic Fury DLC Pack,['win'/ 'mac'/ 'lin'],-50%,$3.99 ,$1.99 ,95%,1568,,
BIT.TRIP RUNNER,['win'/ 'mac'],-40%,$9.99 ,$0.99 ,88%,1562,,
Sid Meier‚Äôs Civilization¬Æ VI: Rise and Fall,['win'/ 'mac'/ 'lin'],-33%,$29.99 ,$20.09 ,59%,1550,,
Everything + OST,['win'/ 'mac'],-50%,,,84%,1494,,
Rocket League¬Æ - Batman v Superman: Dawn of Justice Car Pack,['win'/ 'mac'/ 'lin'],-15%,$1.99 ,$0.99 ,75%,1470,,
Grid-based Crawling Bundle,['win'],-60%,$79.95 ,$50.05 ,85%,1461,,
BIT.TRIP Presents... Runner2: Future Legend of Rhythm Alien,['win'/ 'mac'/ 'lin'],-53%,$14.99 ,$4.94 ,93%,1443,,
Survival Zombies Promo Edition,['win'/ 'mac'/ 'lin'],,$19.95 ,$1.75 ,54%,1433,,
The Whispered World Complete Pack,['win'/ 'mac'/ 'lin'],,$45.96 ,$18.44 ,79%,1362,,
Rocket League¬Æ ‚Äì Fast & Furious‚Ñ¢ DLC Bundle,['win'/ 'mac'/ 'lin'],-83%,$4.99 ,$2.49 ,89%,1351,,
Rocket League¬Æ - Back to the Future‚Ñ¢ Car Pack,['win'/ 'mac'/ 'lin'],-80%,$1.99 ,$0.99 ,92%,1320,,
Edna & Harvey: Harvey's New Eyes,['win'/ 'mac'/ 'lin'],,$29.99 ,$8.99 ,91%,1304,,
The Almighty Bundle,['win'],-30%,$9.97 ,$5.07 ,88%,1292,,
Heroine Bundle,['win'],-15%,$75.95 ,$65.43 ,86%,1285,,
Faerie Solitaire,['win'/ 'mac'],-90%,$9.99 ,$0.99 ,90%,1232,,
INDIECN Value Bundle,['win'],-51%,$44.93 ,$21.03 ,81%,1164,,
Tharsis,['win'/ 'mac'],,$14.99 ,$4.94 ,70%,1148,,
Chaos on Deponia,['win'/ 'mac'/ 'lin'],-84%,$29.99 ,$8.99 ,91%,1129,,
Trackmania¬Æ Turbo,['win'/ 'hmd'/ 'htc'/ 'ocu'],,$39.99 ,$19.99 ,61%,1082,,
Cars Drive Explore,['win'],-49%,,,82%,1065,,
Gomo,['win'/ 'mac'],-84%,$4.99 ,$0.49 ,74%,969,,
TrackMania¬≤ Canyon,['win'],-90%,$19.99 ,$9.99 ,79%,950,,
The Game Creators Collection,['win'],-50%,$239.92 ,$68.00 ,75%,920,,
Civilization VI - Vikings Scenario Pack,['win'/ 'mac'/ 'lin'],-50%,$4.99 ,$3.34 ,11%,902,,
AppGameKit VR Bundle,['win'],-30%,$174.95 ,$47.60 ,75%,887,,
Kou Shibusawa Archives Vol.6-11 / „Ç∑„Éñ„Çµ„ÉØ„Éª„Ç≥„Ç¶ „Ç¢„Éº„Ç´„Ç§„Éñ„Çπ„Éë„ÉÉ„ÇØ Vol.6-11,['win'],-40%,$404.82 ,$198.27 ,80%,885,,
SC Jogos Collection,['win'],-30%,$16.83 ,$3.10 ,59%,884,,
A New Beginning - Final Cut,['win'/ 'mac'],-75%,$9.99 ,$0.99 ,74%,858,,
VEGAS Movie Studio 13 Platinum - Steam Powered,['win'],-20%,$44.99 ,$17.99 ,73%,856,,
SC Jogos Collection - Games,['win'],-48%,$6.93 ,$1.30 ,59%,854,,
Blender Games Bundle for gifts,['win'],,,,78%,837,,
Blender Games Bundle,['win'],-20%,,,78%,837,,
RewindApp All Games,['win'],-30%,$31.78 ,$18.38 ,68%,820,,
LOVE & kuso Bundle,['win'/ 'mac'],-30%,$7.98 ,$5.61 ,93%,806,,
GameGuru Unlimited,['win'],,$264.90 ,$89.20 ,74%,797,,
Trackmania United Forever Star Edition,['win'],-90%,$29.99 ,$14.99 ,94%,792,,
GameGuru SciFi Bundle,['win'],,$34.99 ,$17.49 ,74%,768,,
GameGuru,['win'],-57%,$34.99 ,$17.49 ,73%,749,,
Rocket League¬Æ ‚Äì Fast & Furious‚Ñ¢ '99 Nissan Skyline GT-R R34,['win'/ 'mac'/ 'lin'],-10%,$1.99 ,$0.99 ,90%,745,,
aMAZE Bundle,['win'],,,,79%,743,,
aMAZE Bundle for gifts,['win'],-30%,,,79%,743,,
Indiana Jones Collection,['win'],,$23.96 ,$15.49 ,92%,736,,
Arcade Bundle II,['win'],-10%,$10.97 ,$4.72 ,90%,730,,
1954 Alcatraz,['win'],,$9.99 ,$0.99 ,70%,725,,
The Whispered World Special Edition,['win'/ 'mac'/ 'lin'],-85%,$19.99 ,$1.99 ,73%,722,,
The Messenger,['win'],-30%,$19.99 ,$13.99 ,94%,705,,
Civilization VI - Poland Civilization & Scenario Pack,['win'/ 'mac'/ 'lin'],,$4.99 ,$3.34 ,31%,694,,
8Floor Complete Pack,['win'],,$204.61 ,$60.90 ,71%,692,,
Edna & Harvey: The Breakout,['win'],,$29.99 ,$8.99 ,82%,678,,
Rocket League¬Æ - Masamune,['win'/ 'mac'/ 'lin'],-50%,$1.99 ,$0.99 ,90%,671,,
Microcosmum: survival of cells  Bundle,['win'],-50%,,,77%,671,,
Windlands 1 and 2,['win'/ 'hmd'/ 'htc'/ 'ocu'/ 'win'],-50%,$49.98 ,$42.28 ,76%,669,,
Windlands 1 and 2 Deluxe Edition,['win'],-10%,$63.96 ,$54.86 ,76%,669,,
ARK: Survival Evolved Season Pass,['win'/ 'mac'/ 'lin'],-35%,$44.99 ,$29.24 ,72%,642,,
Civilization VI - Australia Civilization & Scenario Pack,['win'/ 'mac'/ 'lin'],-40%,$4.99 ,$3.34 ,40%,636,,
BVRgames/BVRÊ∏∏ÊàèÂêàÈõÜ,['win'],-50%,$5.98 ,$3.94 ,80%,632,,
Best JRPGs Bundle,['win'/ 'mac'/ 'lin'],-50%,,,71%,632,,
SMITE¬Æ - Ultimate God Pack,['win'/ 'mac'],-67%,$29.99 ,$9.90 ,73%,590,,
Anna's Quest,['win'/ 'mac'/ 'lin'],,$19.99 ,$3.99 ,87%,580,,
HELLGATE: London,['win'],-25%,$12.99 ,$9.74 ,64%,575,,
BIT.TRIP BEAT,['win'/ 'mac'],-40%,$9.99 ,$0.99 ,83%,571,,
Disgaea 2 PC Digital Dood Edition / È≠îÁïåÊà¶Ë®ò„Éá„Ç£„Çπ„Ç¨„Ç§„Ç¢2 PC „Éá„Ç∏„Çø„É´ÈôêÂÆöÁâà (Game + Art Book),['win'/ 'mac'/ 'lin'],-20%,,,89%,567,,
Randal's Monday,['win'/ 'mac'],-66%,$29.99 ,$8.99 ,75%,548,,
Ê≤≥Ê¥õÁæ§‰ø†ÂÇ≥ (Ho Tu Lo Shu Ôºö The Books of Dragon),['win'],-10%,$17.99 ,$16.19 ,60%,493,,
FURIDASHI: Drift Cyber Sport - ULTIMATE VERSION,['win'],,$39.96 ,$26.07 ,80%,488,,
FURIDASHI: Drift Cyber Sport - Special Edition #2,['win'],-50%,$24.98 ,$17.82 ,80%,488,,
FURIDASHI: Drift Cyber Sport - DELUXE Edition,['win'],-50%,$34.97 ,$24.20 ,80%,487,,
The Last NightMary - A Lenda do Cabe√ßa de Cuia,['win'/ 'mac'/ 'lin'],-40%,$4.99 ,$0.49 ,79%,476,,
Age of Fear Supporter Bundle,['win'/ 'mac'/ 'lin'],-10%,$79.93 ,$39.53 ,92%,464,,
Age of Fear Series Bundle (Complete),['win'/ 'mac'/ 'lin'],,$64.97 ,$29.17 ,92%,463,,
For Kids Studio Bundle,['win'/ 'mac'/ 'lin'],-25%,$53.73 ,$33.91 ,77%,463,,
Rocket League¬Æ  - The Fate of the Furious‚Ñ¢ Ice Charger,['win'/ 'mac'/ 'lin'],-50%,$1.99 ,$0.99 ,89%,452,,
RAGE Software,['win'],,$19.94 ,$13.46 ,78%,452,,
Blackguards 2,['win'/ 'mac'],-84%,$14.99 ,$2.99 ,63%,447,,
Warhammer: Vermintide 2 - Shadows Over B√∂genhafen,['win'],-25%,$9.99 ,$7.49 ,42%,440,,
Horror Bundle,['win'],,$45.95 ,$37.52 ,57%,418,,
QuiVr Complete,['win'/ 'hmd'/ 'htc'/ 'ocu'/ 'win'],,$34.98 ,$18.22 ,92%,414,,
Manual Samuel Game and Soundtrack Bundle,['win'/ 'mac'/ 'lin'],-20%,,,82%,409,,
Civilization VI - Persia and Macedon Civilization & Scenario Pack,['win'/ 'mac'/ 'lin'],-70%,$8.99 ,$6.02 ,35%,407,,
New York Mysteries Collection,['win'/ 'mac'],-80%,$20.97 ,$13.95 ,91%,405,,
Valhalla Hills: Two-Horned Helmet Edition,['win'/ 'mac'/ 'lin'],-40%,$19.99 ,$2.99 ,58%,399,,
Valhalla Hills,['win'/ 'mac'/ 'lin'],-90%,$14.99 ,$2.24 ,57%,394,,
Romance of the Three Kingdoms 11 with Power Up Kit / ‰∏âÂúãÂøó11 with „Éë„ÉØ„Éº„Ç¢„ÉÉ„Éó„Ç≠„ÉÉ„Éà,['win'],-30%,$39.99 ,$27.99 ,89%,382,,
Rocket League¬Æ - Chaos Run DLC Pack,['win'/ 'mac'/ 'lin'],-50%,$3.99 ,$1.99 ,92%,365,,
8-Bit Hordes Complete Edition,['win'],-45%,$18.98 ,$7.97 ,81%,365,,
8-Bit Hordes,['win'],-50%,$14.99 ,$7.34 ,81%,362,,
The Fall of the Dungeon Guardians - Enhanced Edition,['win'/ 'mac'/ 'lin'],-66%,$19.99 ,$6.79 ,85%,354,,
Limited Edition Deluxe Indie Bundle,['win'],-30%,,,44%,351,,
Rocket League¬Æ - Revenge of the Battle-Cars DLC Pack,['win'/ 'mac'/ 'lin'],-50%,$3.99 ,$1.99 ,93%,349,,
Rocket League¬Æ - DC Super Heroes DLC Pack,['win'/ 'mac'/ 'lin'],-28%,$3.99 ,$1.99 ,82%,334,,
Hentai Temple,['win'],-90%,$0.99 ,$0.49 ,72%,327,,
Rocket League¬Æ - Aftershock,['win'/ 'mac'/ 'lin'],-20%,$1.99 ,$0.99 ,87%,313,,
Mega Bundle,['win'],-10%,$52.58 ,$36.41 ,63%,313,,
Bullid Games,['win'/ 'mac'/ 'lin'],,$36.86 ,$23.65 ,76%,302,,
Machine Hunt,['win'/ 'mac'/ 'lin'],-90%,$2.99 ,$0.49 ,52%,302,,
Rocket League¬Æ - Jurassic World‚Ñ¢ Car Pack,['win'/ 'mac'/ 'lin'],-80%,$1.99 ,$0.99 ,87%,299,,
Rocket League¬Æ - Vulcan,['win'/ 'mac'/ 'lin'],-40%,$1.99 ,$0.99 ,87%,279,,
TrackMania¬≤ Valley,['win'],,$19.99 ,$9.99 ,76%,276,,
Andarilho Collection,['win'],,$4.95 ,$1.20 ,55%,271,,
Shooting Stars!,['win'/ 'mac'],-40%,$4.99 ,$0.49 ,92%,266,,
GexagonVR Collection,['win'],-50%,$23.95 ,$8.70 ,78%,261,,
Bad North - Deluxe Edition,['win'/ 'mac'],-50%,$21.98 ,$18.43 ,76%,260,,
Bad North,['win'/ 'mac'],-10%,$14.99 ,$13.49 ,76%,256,,
Tracks - The Train Set Game,['win'],-30%,$19.99 ,$14.99 ,90%,239,,
Civilization VI - Nubia Civilization & Scenario Pack,['win'/ 'mac'/ 'lin'],-51%,$4.99 ,$3.34 ,37%,237,,
Ultimate Booster Experience,['win'/ 'hmd'/ 'htc'/ 'ocu'/ 'win'],-25%,$4.99 ,$2.49 ,79%,227,,
devotid Collection,['win'/ 'mac'/ 'lin'],,$22.98 ,$15.28 ,54%,227,,
Wonderbox MEGA Bundle,['win'/ 'mac'],-51%,$64.86 ,$22.01 ,47%,222,,
Êáí‰∫∫‰øÆ‰ªô‰º†,['win'],-40%,$3.99 ,$3.19 ,64%,219,,
Rocket League¬Æ - Marauder,['win'/ 'mac'/ 'lin'],-20%,$1.99 ,$0.99 ,89%,216,,
Civilization VI - Khmer and Indonesia Civilization & Scenario Pack,['win'/ 'mac'/ 'lin'],-50%,$8.99 ,$6.02 ,48%,216,,
Viki Spotter Bundle,['win'/ 'mac'/ 'lin'],,$17.90 ,$13.03 ,96%,208,,
Rocket League¬Æ - Hot Wheels¬Æ Twin Mill‚Ñ¢ III,['win'/ 'mac'/ 'lin'],-30%,$1.99 ,$0.99 ,88%,206,,
Underworld Ascendant,['win'],-50%,$29.99 ,$25.49 ,39%,206,,
NukGames Newcomers Bundle,['win'],,$4.95 ,$0.90 ,88%,203,,
Princess.Loot.Pixel.Again + Soundtrack!,['win'],-40%,,,73%,203,,
360 No Scope Arena,['win'],,$0.99 ,$0.89 ,91%,202,,
Immortal: Unchained,['win'],-50%,$49.99 ,$24.99 ,69%,201,,
AppGameKit Unlimited,['win'],-40%,$399.86 ,$132.80 ,83%,198,,
Elisa the Innkeeper Collection,['win'/ 'mac'],,,,71%,191,,
Invisigun Heroes,['win'/ 'mac'/ 'lin'],-30%,$14.99 ,$4.49 ,91%,190,,
Glittermitten Grove,['win'/ 'mac'/ 'lin'],-75%,$19.99 ,$8.59 ,86%,190,,
Rocket League¬Æ - Triton,['win'/ 'mac'/ 'lin'],-84%,$1.99 ,$0.99 ,88%,185,,
Phantom Brave PC Digital Chroma Edition / „Éï„Ç°„É≥„Éà„É†„Éª„Éñ„É¨„Ç§„Éñ PC „Éá„Ç∏„Çø„É´ÈôêÂÆöÁâà (Game + Art Book),['win'],-15%,,,92%,178,,
Age of Fear 2: The Chaos Lord GOLD,['win'/ 'mac'/ 'lin'],-50%,$19.99 ,$3.99 ,88%,174,,
Trackmania¬≤ Lagoon,['win'],,$19.99 ,$9.99 ,59%,173,,
Strategy Bundle,['win'/ 'mac'],-50%,$4.98 ,$2.37 ,53%,173,,
killer7: Digital Limited Edition,['win'],,$32.97 ,$26.70 ,95%,172,,
killer7,['win'],,$19.99 ,$17.99 ,96%,170,,
RC Simulation 2.0,['win'/ 'mac'/ 'lin'],-10%,$14.99 ,$8.99 ,60%,170,,
New York Mysteries: High Voltage,['win'/ 'mac'],-40%,$6.99 ,$2.44 ,92%,164,,
Hidden Object Adventure Bundle,['win'],-30%,$14.97 ,$10.36 ,46%,158,,
Rocket League¬Æ ‚Äì Fast & Furious‚Ñ¢ '70 Dodge¬Æ Charger R/T,['win'/ 'mac'/ 'lin'],-50%,$1.99 ,$0.99 ,86%,154,,
S2ENGINE HD - Starter Collection,['win'],-63%,$59.97 ,$32.97 ,68%,153,,
ÂºÇÁßçÊàò‰∫âÂ∞ëÂ•≥ Alien War Girl,['win'],,$3.99 ,$2.39 ,77%,152,,
S2ENGINE HD - Easy Game Maker Edition,['win'],,$29.98 ,$21.23 ,68%,151,,
Rocket League: Official Game Soundtrack,['win'/ 'mac'/ 'lin'],-50%,$4.99 ,$2.49 ,54%,150,,
Ultimate Indie Bundle,['win'],-25%,$28.95 ,$13.45 ,71%,139,,
Ant War: Domination,['win'/ 'mac'/ 'lin'],-25%,$2.99 ,$0.98 ,58%,137,,
Rocket League¬Æ - Esper,['win'/ 'mac'/ 'lin'],-30%,$1.99 ,$0.99 ,88%,136,,
Barro Collection,['win'],,$2.97 ,$1.22 ,78%,134,,
Kou Shibusawa Archives Vol.1-5 / „Ç∑„Éñ„Çµ„ÉØ„Éª„Ç≥„Ç¶ „Ç¢„Éº„Ç´„Ç§„Éñ„Çπ„Éë„ÉÉ„ÇØ Vol.1-5,['win'],-50%,$229.85 ,$112.55 ,76%,134,,
Henteko Shmups Bundle,['win'],,$48.93 ,$41.96 ,97%,130,,
AppGameKit: Easy Game Development,['win'/ 'mac'/ 'lin'],-65%,$79.99 ,$39.99 ,86%,130,,
Planet Coaster - Spooky Pack,['win'],-33%,$10.99 ,$9.34 ,76%,130,,
BadWolf Games Full Pack,['win'],-50%,$14.96 ,$1.82 ,67%,130,,
Barro,['win'],-90%,$0.99 ,$0.49 ,79%,129,,
BadWolf Games Pack,['win'],-30%,$14.96 ,$5.20 ,68%,129,,
The Islander,['win'],,$2.99 ,$2.00 ,72%,127,,
Violet Feature Bundle,['win'/ 'mac'/ 'lin'],,,,90%,122,,
BIT.TRIP FLUX,['win'/ 'mac'],,$9.99 ,$0.99 ,54%,119,,
Bit.Trip.Flux with Soundtrack,['win'/ 'mac'],,$11.99 ,$1.55 ,54%,119,,
ARCADE PULP,['win'],-40%,$5.97 ,$5.01 ,95%,117,,
Romance of the Three Kingdoms IX with Power Up Kit / ‰∏âÂúãÂøóIX with „Éë„ÉØ„Éº„Ç¢„ÉÉ„Éó„Ç≠„ÉÉ„Éà,['win'],,$29.99 ,$20.99 ,87%,115,,
All Mia Games Bundle,['win'/ 'mac'/ 'lin'],-50%,,,84%,115,,
Romance of the Three Kingdoms X with Power Up Kit / ‰∏âÂúãÂøóX with „Éë„ÉØ„Éº„Ç¢„ÉÉ„Éó„Ç≠„ÉÉ„Éà,['win'],-25%,$29.99 ,$20.99 ,78%,115,,
Bit.Trip.Core + Soundtrack,['win'/ 'mac'],-80%,$11.99 ,$1.55 ,60%,114,,
STAR WARS‚Ñ¢ Episode I Racer,['win'],-25%,$9.99 ,$7.49 ,83%,112,,
BIT.TRIP CORE,['win'/ 'mac'],,$9.99 ,$0.99 ,59%,111,,
SlyGames‚úÖ Bundle,['win'/ 'mac'/ 'lin'],-55%,$25.79 ,$12.54 ,54%,110,,
SlyGames‚úÖ Bundle,['win'/ 'mac'/ 'lin'],-33%,$25.79 ,$20.19 ,54%,110,,
Shiv games bundle,['win'],-50%,$1.98 ,$1.37 ,91%,103,,
iZBOT,['win'],,$11.99 ,$1.19 ,82%,103,,
The Miskatonic,['win'/ 'mac'],-20%,$5.99 ,$4.01 ,92%,101,,
Rocket League¬Æ - Hot Wheels¬Æ Bone Shaker‚Ñ¢,['win'/ 'mac'/ 'lin'],,$1.99 ,$0.99 ,91%,95,,
Rising Storm 2: Vietnam - Pulling Rank Cosmetic DLC,['win'],-90%,$7.99 ,$3.99 ,93%,94,,
ALONE?,['win'/ 'mac'/ 'lin'],-50%,$2.99 ,$1.19 ,43%,94,,
Zup! S,['win'],,$0.99 ,$0.84 ,89%,93,,
Point & Click Bundle,['win'],-30%,$15.98 ,$6.98 ,72%,93,,
DevilishGames Collection,['win'/ 'mac'],-15%,$16.97 ,$11.03 ,70%,93,,
Magicka: Vietnam,['win'],-50%,$4.99 ,$2.49 ,85%,89,,
BIT.TRIP FATE with Soundtrack,['win'/ 'mac'],-67%,$11.99 ,$1.55 ,64%,89,,
Planet Coaster - Adventure Pack,['win'],-85%,$10.99 ,$9.34 ,88%,87,,
Developer Bundle of Vidas Games,['win'],,$46.92 ,$31.77 ,79%,87,,
Big Collection,['win'],-50%,$39.90 ,$17.94 ,45%,87,,
BIT.TRIP FATE,['win'/ 'mac'],-75%,$9.99 ,$0.99 ,62%,86,,
FINAL FANTASY¬Æ XI: Ultimate Collection Seekers Edition,['win'],-51%,$29.99 ,$9.89 ,83%,84,,
kuso Collector's Edition,['win'/ 'mac'],,$7.98 ,$6.51 ,93%,83,,
kuso,['win'/ 'mac'],,$4.99 ,$4.49 ,93%,82,,
Hostile Waters: Antaeus Rising,['win'],-78%,$2.99 ,$1.01 ,97%,80,,
Planet Coaster - Studios Pack,['win'],,$10.99 ,$9.34 ,90%,80,,
Age of Fear 3: The Legend,['win'/ 'mac'/ 'lin'],,$24.99 ,$12.49 ,97%,79,,
Mahjong and Solitaire all in one bundle,['win'],-10%,$39.92 ,$11.40 ,72%,76,,
UBERMOSH: Original Soundtrack,['win'/ 'lin'],-75%,$3.99 ,$0.49 ,94%,75,,
Bad Dream: Fever,['win'/ 'mac'],-40%,$9.99 ,$7.99 ,66%,75,,
Robothorium - Deluxe Edition,['win'/ 'mac'/ 'lin'],-51%,$23.97 ,$18.64 ,82%,74,,
Uruca Game Studio BUNDLE,['win'],,$26.88 ,$13.67 ,82%,73,,
Marble It Up!,['win'/ 'mac'],-50%,$19.99 ,$16.99 ,98%,70,,
Mytheon,['win'],-32%,$9.99 ,$5.99 ,62%,70,,
BIT.TRIP VOID + Soundtrack,['win'/ 'mac'],-40%,$11.99 ,$1.55 ,78%,69,,
Rocket League¬Æ - Proteus,['win'/ 'mac'/ 'lin'],,$1.99 ,$0.99 ,89%,68,,
Woah Dave!,['win'/ 'mac'/ 'lin'],-15%,$4.99 ,$0.99 ,76%,68,,
Phantom Thief Celianna,['win'],-34%,$12.99 ,$9.74 ,88%,67,,
BIT.TRIP VOID,['win'/ 'mac'],-40%,$9.99 ,$0.99 ,77%,67,,
Runner3,['win'/ 'mac'],-15%,$29.99 ,$9.89 ,71%,67,,
Simple Sailing XL Edition,['win'/ 'mac'/ 'lin'],-25%,$18.93 ,$1.40 ,50%,64,,
Rising Storm 2: Vietnam - Digital Deluxe Edition Upgrade,['win'],-67%,$4.99 ,$1.65 ,79%,62,,
Rocket League¬Æ - Hot Wheels¬Æ Triple Threat DLC Pack,['win'/ 'mac'/ 'lin'],-33%,$5.99 ,$2.99 ,65%,61,,
Mixcraft 8 Home Studio,['win'],-30%,$39.99 ,$19.99 ,91%,60,,
Magicka: The Stars Are Left,['win'],-40%,$5.99 ,$2.99 ,35%,59,,
Hidden Object Romantic Bundle 2-in-1,['win'/ 'mac'],,,,66%,56,,
Realm Royale - Alpha Pack,['win'],-90%,$14.99 ,$9.89 ,84%,53,,
VR Arcade Bundle,['win'/ 'hmd'/ 'htc'/ 'win'],-10%,,,85%,49,,
Rising Storm 2: Vietnam - Rear Echelon Cosmetic DLC,['win'],-66%,$7.99 ,$3.99 ,97%,48,,
Laserlife,['win'],-90%,$14.99 ,$1.49 ,72%,48,,
Nevrosa: Escape,['win'/ 'hmd'/ 'htc'/ 'ocu'/ 'win'],-15%,$14.99 ,$9.89 ,89%,46,,
Nevrosa Dilogy: Prelude & Escape,['win'],,$22.97 ,$12.60 ,89%,46,,
Small Radios Big Televisions + Soundtrack,['win'],-30%,$17.98 ,$9.24 ,86%,45,,
Deqaf Addictive Bundle,['win'/ 'mac'],-90%,$9.98 ,$8.44 ,86%,45,,
Plastic soldiers,['win'],-40%,$0.99 ,$0.84 ,77%,45,,
Mind Maze,['win'],,$0.99 ,$0.66 ,71%,45,,
Mind Maze Bundle,['win'],-51%,$2.97 ,$1.96 ,72%,44,,
ACID Music Studio 10 - Steam Powered,['win'],,$49.99 ,$12.49 ,63%,44,,
Soul Gambler: Artbook & Soundtrack,['win'],-87%,$3.99 ,$0.51 ,88%,43,,
Small Radios Big Televisions,['win'],,$11.99 ,$5.15 ,86%,43,,
Magicka: Nippon,['win'],,$0.99 ,$0.49 ,83%,42,,
Planet Coaster - Vintage Pack,['win'],-75%,$10.99 ,$9.34 ,78%,42,,
Qbike: PC vs VR,['win'],,$15.98 ,$4.46 ,61%,42,,
Uncharted Waters II / Â§ßËà™Êµ∑ÊôÇ‰ª£ II,['win'],-19%,$12.99 ,$9.09 ,77%,40,,
Paladins - Season Pass 2018,['win'/ 'mac'],-10%,$39.99 ,$19.99 ,84%,39,,
Drink Pro Tycoon,['win'],-87%,$9.99 ,$2.99 ,48%,39,,
Indiana Jones¬Æ and the Emperor's Tomb‚Ñ¢,['win'],,$5.99 ,$3.59 ,97%,38,,
Ultimate Spider Hero,['win'/ 'mac'/ 'lin'],-90%,$1.99 ,$0.49 ,64%,37,,
Romance of the Three Kingdoms„ÄÄVIII with Power Up Kit / ‰∏âÂúãÂøóVIII with „Éë„ÉØ„Éº„Ç¢„ÉÉ„Éó„Ç≠„ÉÉ„Éà,['win'],,$19.99 ,$13.99 ,64%,37,,
Surviving Mars: Season Pass,['win'/ 'mac'/ 'lin'],-25%,$34.99 ,$26.24 ,40%,37,,
Super Ledgehop: Double Laser,['win'],,$0.99 ,$0.89 ,97%,36,,
Romance of the Three Kingdoms 12 with Power Up Kit / ‰∏âÂúãÂøó12 with „Éë„ÉØ„Éº„Ç¢„ÉÉ„Éó„Ç≠„ÉÉ„Éà,['win'],-50%,$39.99 ,$27.99 ,63%,36,,
Hide and Secret Treasure of the Ages,['win'],-30%,$2.99 ,$0.98 ,36%,36,,
Substance Painter + Designer + B2M (Bundle),['win'/ 'mac'],-44%,$399.97 ,$223.47 ,94%,35,,
Magicka: Wizard's Survival Kit,['win'],-51%,$0.99 ,$0.49 ,77%,35,,
NOBUNAGA‚ÄôS AMBITION: Tenkasousei with Power Up Kit / ‰ø°Èï∑„ÅÆÈáéÊúõ„ÉªÂ§©‰∏ãÂâµ‰∏ñ with „Éë„ÉØ„Éº„Ç¢„ÉÉ„Éó„Ç≠„ÉÉ„Éà,['win'],-30%,$29.99 ,$20.99 ,54%,35,,
Rising Storm 2: Vietnam - Personalized Touch Cosmetic DLC,['win'],-75%,$14.99 ,$7.49 ,88%,34,,
Qbike: Cyberpunk Motorcycles,['win'/ 'hmd'/ 'htc'/ 'ocu'/ 'win'],-51%,$9.99 ,$3.49 ,67%,34,,
Indie Blender Games,['win'],,$8.91 ,$6.72 ,61%,34,,
Hunted: One Step Too Far,['win'],-84%,$4.99 ,$1.09 ,50%,34,,
Shutshimi,['win'/ 'mac'/ 'lin'],-15%,$4.99 ,$0.99 ,81%,33,,
Rising Storm 2: Vietnam - Homeland Security Cosmetic DLC,['win'],,$7.99 ,$3.99 ,96%,31,,
Surviving Mars: Mysteries Resupply Pack,['win'/ 'mac'/ 'lin'],-40%,$64.99Free,$64.99Free,93%,31,,
Magicka: Dungeons and Gargoyles,['win'],-10%,$3.99 ,$1.99 ,48%,31,,
Starship Annihilator,['win'],-15%,$0.99 ,$0.49 ,48%,29,,
Rocket League x Monstercat Vol. 1,['win'/ 'mac'/ 'lin'],-51%,$5.99 ,$2.99 ,88%,26,,
Zombie Solitaire 2 Bundle,['win'],,,,88%,26,,
Romance of the Three Kingdoms ‚Ö§ with Power Up Kit / ‰∏âÂúãÂøó‚Ö§ with „Éë„ÉØ„Éº„Ç¢„ÉÉ„Éó„Ç≠„ÉÉ„Éà,['win'],-51%,$19.99 ,$13.99 ,80%,26,,
Glacier 3: The Meltdown,['win'],,$2.99 ,$1.01 ,38%,26,,
JIN LIN LOVE STORY „ÄäÊàëË®òÊÜ∂‰∏≠ÁöÑÈáëÈ±óÁâ©Ë™û„Äã,['win'],-50%,$3.99 ,$3.59 ,96%,25,,
Romance of the Three Kingdoms„ÄÄVII with Power Up Kit / ‰∏âÂúãÂøóVII with „Éë„ÉØ„Éº„Ç¢„ÉÉ„Éó„Ç≠„ÉÉ„Éà,['win'],,$19.99 ,$13.99 ,52%,25,,
MAGIX Music Maker 2016 Live,['win'],-90%,$69.99 ,$13.99 ,44%,25,,
WARPZONE DRIFTER,['win'],-51%,$1.99 ,$1.59 ,91%,24,,
Personal Disco VR,['win'/ 'hmd'/ 'htc'/ 'ocu'],,$4.99 ,$3.99 ,91%,24,,
Surviving Mars: Deluxe Upgrade Pack,['win'/ 'mac'/ 'lin'],-25%,$10.00 ,$7.50 ,87%,24,,
Taikou Risshiden / Â§™Èñ§Á´ãÂøó‰ºù,['win'],-70%,$12.99 ,$9.09 ,87%,24,,
NOBUNAGA‚ÄôS AMBITION: Soutenroku with Power Up Kit / ‰ø°Èï∑„ÅÆÈáéÊúõ„ÉªËíºÂ§©Èå≤ with „Éë„ÉØ„Éº„Ç¢„ÉÉ„Éó„Ç≠„ÉÉ„Éà,['win'],-15%,$29.99 ,$20.99 ,65%,23,,
Psychedelica of the Black Butterfly/Í≤ÄÏùÄ ÎÇòÎπÑÏùò ÏÇ¨Ïù¥ÌÇ§Îç∏Î¶¨Ïπ¥/ÈªëËù∂ÂπªÂ¢É,['win'],-30%,$29.99 ,$26.99 ,39%,23,,
Windlands 2,['win'/ 'hmd'/ 'htc'/ 'ocu'/ 'win'],,$29.99 ,$26.99 ,90%,22,,
Outlaws + A Handful of Missions,['win'],-13%,$5.99 ,$3.59 ,81%,22,,
Katharsis,['win'],-15%,$4.99 ,$2.49 ,72%,22,,
Magicka: The Other Side of the Coin,['win'],-66%,$4.99 ,$2.49 ,54%,22,,
Reentry - An Orbital Simulator,['win'],,$19.99 ,$16.99 ,0%,22,,
NaziShootout,['win'],-33%,$0.99 ,$0.89 ,66%,21,,
Uncharted Waters / Â§ßËà™Êµ∑ÊôÇ‰ª£,['win'],-30%,$12.99 ,$9.09 ,90%,20,,
Warpaint,['win'/ 'mac'/ 'hmd'/ 'htc'/ 'ocu'],-50%,$9.99 ,$4.99 ,80%,20,,
Magicka: Frozen Lake,['win'],,$1.99 ,$0.99 ,65%,20,,
Order No. 227: Not one step back!,['win'],-50%,$4.99 ,$0.84 ,68%,19,,
Brewsterland JRPG Bundle,['win'],-30%,$9.93 ,$5.23 ,57%,19,,
Bully Beatdown,['win'/ 'mac'/ 'lin'],,$5.99 ,$4.49 ,77%,18,,
Magicka: Dungeons and Daemons,['win'],,$3.99 ,$1.99 ,66%,18,,
Windlands 2 + Original Soundtrack,['win'],,$36.98 ,$30.58 ,0%,18,,
8-in-1 IQ Scale Bundle,['win'/ 'mac'/ 'lin'],-90%,$14.99 ,$3.74 ,94%,17,,
Sangokushi Eiketsuden / ‰∏âÂúãÂøóËã±ÂÇë‰ºù,['win'],-50%,$12.99 ,$9.09 ,82%,17,,
Magicka: Final Frontier,['win'],,$2.99 ,$1.49 ,70%,17,,
Hentai Words,['win'/ 'mac'/ 'lin'],-15%,$0.99 ,$0.49 ,52%,17,,
ILLUSION,['win'],-40%,$4.99 ,$0.99 ,0%,17,,
NOBUNAGA‚ÄôS AMBITION: Reppuden with Power Up Kit / ‰ø°Èï∑„ÅÆÈáéÊúõ„ÉªÁÉàÈ¢®‰ºù with „Éë„ÉØ„Éº„Ç¢„ÉÉ„Éó„Ç≠„ÉÉ„Éà,['win'],-30%,$19.99 ,$13.99 ,62%,16,,
CoreOptimizer,['win'],,$9.99 ,$6.99 ,56%,16,,
MineSweep,['win'],-50%,$0.99 ,$0.49 ,50%,16,,
Nuclear Contingency,['win'],,$0.99 ,$0.49 ,50%,16,,
Sam & Max Hit the Road,['win'/ 'mac'],-25%,$5.99 ,$3.59 ,0%,16,,
TANKS,['win'],-82%,$4.99 ,$2.49 ,86%,15,,
Bionic Battle Mutants,['win'],,$9.99 ,$4.99 ,86%,15,,
NekoBooM!,['win'],-50%,$1.99 ,$1.35 ,60%,15,,
Dragon Fantasy: The Volumes of Westeria,['win'/ 'mac'/ 'lin'],,$9.99 ,$0.99 ,92%,14,,
Runes: The Forgotten Path,['win'/ 'hmd'/ 'htc'/ 'ocu'/ 'win'],,$24.99 ,$19.99 ,92%,14,,
Video Editing Bundle: VideoPad Editor and Prism Converter,['win'],,,,92%,14,,
Vampires!,['win'/ 'mac'/ 'lin'],,$1.99 ,$0.49 ,78%,14,,
Magicka: Holiday Spirit Item Pack,['win'],,$1.99 ,$0.99 ,78%,14,,
Vampires! - Complete Edition,['win'/ 'mac'/ 'lin'],,$2.98 ,$1.18 ,78%,14,,
Inca Marbles,['win'/ 'mac'/ 'lin'],-25%,$1.99 ,$0.49 ,64%,14,,
Introvert Quest,['win'],-15%,$4.99 ,$0.49 ,64%,14,,
Magicka: The Watchtower,['win'],-10%,$1.99 ,$0.99 ,64%,14,,
Krinkle Krusher,['win'],-14%,$2.99 ,$1.01 ,57%,14,,
DX-Ball 2: 20th Anniversary Edition,['win'],-20%,$6.99 ,$5.59 ,0%,14,,
Food From The Sky,['win'],-29%,$2.99 ,$0.50 ,92%,13,,
TOK,['win'],-35%,$0.99 ,$0.79 ,92%,13,,
GameGuru - Sci-Fi Mission to Mars Pack,['win'],,$34.99 ,$17.49 ,92%,13,,
Endless Space¬Æ 2 - Celestial Worlds,['win'/ 'mac'],,$2.99 ,$2.69 ,84%,13,,
Escape from Monkey Island‚Ñ¢,['win'],-83%,$6.99 ,$5.24 ,84%,13,,
Rocket League x Monstercat Vol. 2,['win'/ 'mac'/ 'lin'],,$1.99 ,$0.99 ,84%,13,,
Protocol,['win'],-15%,$24.99 ,$21.24 ,76%,13,,
The m0rg VS keys,['win'],-80%,$0.99 ,$0.49 ,76%,13,,
Drive!Drive!Drive!,['win'/ 'mac'],-50%,$19.99 ,$1.99 ,61%,13,,
Project Cabin,['win'],,$1.99 ,$0.99 ,61%,13,,
Dragon Fantasy: The Black Tome of Ice,['win'/ 'mac'/ 'lin'],-51%,$9.99 ,$0.99 ,53%,13,,
ÂÜíÈô©ÂÖ¨‰ºö Adventurer Guild,['win'],-20%,$6.99 ,$4.19 ,53%,13,,
Disastr_Blastr,['win'],-10%,$1.99 ,$0.99 ,0%,13,,
Indiana Jones¬Æ and the Infernal Machine‚Ñ¢,['win'],-50%,$5.99 ,$5.09 ,91%,12,,
VR Mini Bowling,['win'/ 'hmd'/ 'htc'/ 'ocu'/ 'win'],-28%,$4.99 ,$3.34 ,91%,12,,
Magicka: Gamer Bundle,['win'],-10%,$1.99 ,$0.99 ,91%,12,,
Adelantado Trilogy. Book one,['win'],-30%,$4.99 ,$2.49 ,83%,12,,
Magicka: Marshlands,['win'],,$1.99 ,$0.99 ,75%,12,,
Repentant,['win'/ 'mac'],,$6.99 ,$4.89 ,66%,12,,
NOBUNAGA‚ÄôS AMBITION: Ranseiki with Power Up Kit / ‰ø°Èï∑„ÅÆÈáéÊúõ„ÉªÂµê‰∏ñË®ò with „Éë„ÉØ„Éº„Ç¢„ÉÉ„Éó„Ç≠„ÉÉ„Éà,['win'],-51%,$19.99 ,$13.99 ,50%,12,,
Gym Simulator,['win'],-70%,$1.99 ,$1.19 ,41%,12,,
Tomb Joe,['win'],-65%,$0.99 ,$0.49 ,41%,12,,
Infinitum,['win'],-51%,$4.99 ,$0.49 ,16%,12,,
Endless Space¬Æ 2 - Harmonic Memories,['win'/ 'mac'],-10%,$2.99 ,$2.69 ,0%,12,,
Queen of Seas 2,['win'/ 'lin'],-40%,$5.99 ,$1.19 ,0%,12,,
Queen of Seas 2 - Deluxe Edition,['win'],-50%,$7.97 ,$1.63 ,0%,12,,
Editor's Bundle: VideoPad Video Editing and WavePad Audio Editing,['win'],,,,0%,12,,
Magicka: The Ninth Element Novel,['win'],-10%,$4.99 ,$2.49 ,90%,11,,
Viki Spotter: Zoo,['win'/ 'mac'/ 'lin'],-75%,$0.99 ,$0.49 ,81%,11,,
A Detective's Novel,['win'],-10%,$0.99 ,$0.49 ,72%,11,,
Campfire Pro,['win'/ 'mac'],-50%,$49.99 ,$34.99 ,63%,11,,
Space Beret,['win'],-24%,$0.99 ,$0.49 ,27%,11,,
LoveKami -Healing Harem-,['win'],,$12.99 ,$11.69 ,90%,10,,
Paladins - Digital Deluxe Edition,['win'/ 'mac'],-40%,$59.99 ,$29.99 ,80%,10,,
Kill 'Em All,['win'],-51%,$5.99 ,$3.59 ,80%,10,,
Andarilho - Zombies,['win'],-20%,$0.99 ,$0.49 ,70%,10,,
Romance of the Three Kingdoms ‚Ö£ with Power Up Kit / ‰∏âÂúãÂøó‚Ö£ with „Éë„ÉØ„Éº„Ç¢„ÉÉ„Éó„Ç≠„ÉÉ„Éà,['win'],-14%,$19.99 ,$13.99 ,70%,10,,
The Lonely Gorilla,['win'],-40%,$8.99 ,$5.39 ,60%,10,,
Dinosaur Hunt - Giant Spiders Hunter Expansion Pack,['win'/ 'mac'/ 'lin'],,$0.99 ,$0.49 ,60%,10,,
Darts and Friends,['win'/ 'mac'/ 'lin'],,$4.99 ,$0.49 ,40%,10,,
Arelite Core,['win'],-90%,$19.99 ,$4.99 ,0%,10,,
Super Jet Juck,['win'],-51%,$7.99 ,$6.39 ,0%,10,,
Viktor, a Steampunk Adventure,['win'],-10%,$9.99 ,$2.99 ,93%,15,
Rocket League: Official Game Soundtrack, Vol. 2,['win'/ 'mac'/ 'lin'],,$4.99 ,$2.49 ,69%,23,
Magicka 2: Ice, Death and Fury,['win'/ 'mac'/ 'lin'],-50%,$9.99 ,$4.99 ,58%,24,
House Dating VR: Cute Korean Girl, Sehyun,['win'/ 'hmd'/ 'htc'/ 'ocu'],-70%,$14.99 ,$7.49 ,0%,0,
Insurgency: Sandstorm,['win'],-10%,$29.99 ,$26.99 ,0%,0,,
Substance Painter 2019,['win'/ 'mac'/ 'lin'],-47%,$149.99 ,$98.99 ,0%,0,,
Element: Space,['win'],-10%,$19.99 ,$13.39 ,0%,0,,
Don't Forget Our Esports Dream,['win'/ 'mac'/ 'lin'],-16%,$14.99 ,$13.04 ,0%,0,,
Zak McKracken and the Alien Mindbenders,['win'/ 'mac'],-67%,$5.99 ,$3.59 ,0%,0,,
Fitzzle Precious Dolphins,['win'],-90%,$2.99 ,$0.59 ,0%,0,,
ÈúéÊó∂Êô¥Ëç´,['win'/ 'mac'],-80%,$7.99 ,$5.59 ,0%,0,,
Paladins - Champions Pack,['win'/ 'mac'],,$29.99 ,$14.99 ,0%,0,,
Little Dragons Caf√©,['win'],-80%,$59.99 ,$47.99 ,0%,0,,
Robots.io,['win'],-50%,$7.99 ,$0.79 ,0%,0,,
Horror Legends,['win'],-90%,$9.99 ,$5.99 ,0%,0,,
Immortal: Unchained - Primes Pack,['win'],-50%,$4.99 ,$2.49 ,0%,0,,
Hentai Shooter 3D: Christmas Party,['win'],,$1.99 ,$1.19 ,0%,0,,
RoboBall,['win'/ 'mac'],-15%,$4.99 ,$2.99 ,0%,0,,
Indian Summer,['win'/ 'mac'/ 'lin'],-60%,$6.99 ,$4.89 ,0%,0,,
üöÄ Human Rocket Person,['win'],-40%,$1.99 ,$1.19 ,0%,0,,
7-in-1 Brain Sharpness Bundle,['win'/ 'mac'/ 'lin'],-50%,$12.99 ,$3.24 ,0%,0,,
TAL: Jungle,['win'],-50%,$0.99 ,$0.59 ,0%,0,,
Valhalla Hills: Two-Horned Helmet Edition,['win'/ 'mac'/ 'lin'],,$19.99 ,$2.99 ,0%,0,,
Beer Bar,['win'],,$0.99 ,$0.59 ,0%,0,,
Loader,['win'],-70%,$1.99 ,$0.49 ,0%,0,,
Rento Fortune VR,['win'/ 'hmd'/ 'htc'/ 'ocu'],,$9.99 ,$5.99 ,0%,0,,
Javva Juice,['win'],-40%,$7.99 ,$0.79 ,0%,0,,
Immortal: Unchained - Midas Touched,['win'],-90%,$1.99 ,$0.99 ,0%,0,,
Time Splatter,['win'/ 'mac'/ 'lin'],,$0.99 ,$0.59 ,0%,0,,
Beer Pong League,['win'/ 'hmd'/ 'htc'/ 'ocu'/ 'win'],-40%,$9.99 ,$5.99 ,0%,0,,
Hentai And Your Life,['win'/ 'mac'/ 'lin'],,$4.99 ,$2.99 ,0%,0,,
The Lost Legends of Redwall: Escape the Gloomer,['win'/ 'mac'],,$14.99 ,$8.99 ,0%,0,,
HellCat,['win'/ 'lin'],-88%,$1.99 ,$0.79 ,0%,0,,
SYMMETRIC,['win'],-50%,$0.99 ,$0.59 ,0%,0,,
Battle for Orion 2 Soundtrack,['win'/ 'mac'],-80%,$2.99 ,$0.50 ,0%,0,,
Badminton Warrior,['win'/ 'mac'],-50%,$9.99 ,$5.99 ,0%,0,,
Rocket League x Monstercat Vol. 4,['win'/ 'mac'/ 'lin'],,$1.99 ,$0.99 ,0%,0,,
Hyper Simon X,['win'],-60%,$0.99 ,$0.49 ,0%,0,,
Valhalla Hills: Two-Horned Helmet Edition Upgrade,['win'/ 'mac'/ 'lin'],-15%,$4.99 ,$0.74 ,0%,0,,
Afterlife,['win'/ 'mac'],-10%,$5.99 ,$3.59 ,0%,0,,
Redium,['win'],,$1.99 ,$0.49 ,0%,0,,
Steel Vampire / ÈãºÈâÑ„ÅÆ„É¥„Ç°„É≥„Éë„Ç§„Ç¢,['win'],-83%,$9.99 ,$7.99 ,0%,0,,
Cattle Call: Hollywood Talent Manager,['win'],,$11.99 ,$10.79 ,0%,0,,
Rising Storm 2: Vietnam - Southern Style Cosmetic DLC,['win'],-90%,$7.99 ,$3.99 ,0%,0,,
BIT.TRIP.FATE Soundtrack,['win'/ 'mac'],-40%,$5.99 ,$0.95 ,0%,0,,
Fruit Pop II,['win'],-90%,$1.99 ,$1.19 ,0%,0,,
Mariner Accident,['win'/ 'mac'/ 'lin'],-33%,$1.99 ,$0.99 ,0%,0,,
BIT.TRIP.VOID Soundtrack,['win'/ 'mac'],-85%,$5.99 ,$0.95 ,0%,0,,
Rising Storm 2: Vietnam - Born in the USA Cosmetic DLC,['win'],-50%,$7.99 ,$3.99 ,0%,0,,
BIT.TRIP.CORE Soundtrack,['win'/ 'mac'],,$5.99 ,$0.95 ,0%,0,,
Thirty Two,['win'],-50%,$0.99 ,$0.69 ,0%,0,,
Bit.Trip Runner Soundtrack,['win'/ 'mac'],-51%,$5.99 ,$0.95 ,0%,0,,
Stronghold: A Hero's Fate,['win'/ 'mac'/ 'lin'],-30%,$5.99 ,$3.89 ,0%,0,,
Rising Storm 2: Vietnam - Man Down Under Cosmetic DLC,['win'],-90%,$7.99 ,$3.99 ,0%,0,,
Rocket League x Monstercat Vol. 3,['win'/ 'mac'/ 'lin'],-50%,$1.99 ,$0.99 ,0%,0,,
V.T.,['win'],-85%,$4.99 ,$2.49 ,0%,0,,
Calvin Tucker's Farm Animal Racing,['win'],,$2.99 ,$1.01 ,0%,0,,
Rising Storm 2: Vietnam - Uncle Ho's Heroes Cosmetic DLC,['win'],-90%,$7.99 ,$3.99 ,0%,0,,
Dark Fantasy: Jigsaw Puzzle,['win'/ 'mac'],-50%,$1.99 ,$1.59 ,0%,0,,
Maybe Drinking. Russian Style,['win'],-40%,$0.99 ,$0.49 ,0%,0,,
Aircraft Evolution - Skins for aircrafts,['win'],,$1.99 ,$0.99 ,0%,0,,
Snailiens,['win'/ 'hmd'/ 'htc'/ 'ocu'],,$14.99 ,$10.49 ,0%,0,,
Kolumno,['win'/ 'mac'],,$1.99 ,$1.49 ,0%,0,,
!LABrpgUP!,['win'],,$0.99 ,$0.49 ,0%,0,,
Sexy Comedy: It Was a Mistake,['win'],-87%,$1.99 ,$1.19 ,0%,0,,
Destructamundo,['win'/ 'mac'],-50%,$4.99 ,$0.99 ,0%,0,,
Vagrant Fury,['win'],-75%,$7.99 ,$4.79 ,0%,0,,
DUCK CASINO: BULLET,['win'],-84%,$1.99 ,$1.33 ,0%,0,,
District 112 Incident: Bowling Alley,['win'/ 'mac'/ 'lin'],,$0.99 ,$0.49 ,0%,0,,
Bit.Trip Beat Soundtrack,['win'/ 'mac'],-50%,$5.99 ,$0.95 ,0%,0,,
Toaster Jam,['win'],-20%,$1.99 ,$1.59 ,0%,0,,
DREAM GIRLS VR,['win'/ 'hmd'/ 'htc'/ 'ocu'],,$11.99 ,$9.59 ,0%,0,,
Gravity Wars,['win'/ 'mac'/ 'lin'],-20%,$4.99 ,$3.99 ,0%,0,,
Skinny,['win'],-50%,$2.99 ,$2.57 ,0%,0,,
FlyingMetalSuit,['win'/ 'hmd'/ 'htc'],,$7.99 ,$7.19 ,0%,0,,
Tango: The Adventure Game,['win'/ 'mac'],-50%,$8.99 ,$6.92 ,0%,0,,
The Occluder,['win'],,$1.99 ,$1.59 ,0%,0,,
QuiVr Vanguard,['win'/ 'hmd'/ 'htc'/ 'ocu'/ 'win'],-80%,$14.99 ,$11.99 ,0%,0,,
Space Toads Mayhem,['win'/ 'mac'],-50%,$3.99 ,$3.39 ,0%,0,,
Timore 6,['win'],,$9.99 ,$8.49 ,0%,0,,
Age of Fear 3: The Blood and Moon Expansion,['win'/ 'mac'/ 'lin'],-20%,$4.99 ,$2.49 ,0%,0,,
Educator 2076: Basics in Education,['win'],-51%,$4.99 ,$4.24 ,0%,0,,
NekoCharm,['win'],,$2.99 ,$2.15 ,0%,0,,
Farstorm,['win'],,$4.99 ,$3.74 ,0%,0,,
Beyond the Sky,['win'/ 'mac'],,$12.99 ,$11.69 ,0%,0,,
Leisure Town,['win'],-70%,$0.99 ,$0.61 ,0%,0,,
Diamond Caves,['win'],,$8.99 ,$8.09 ,0%,0,,
Robo Puzzle Smash,['win'/ 'mac'/ 'lin'],-80%,$14.99 ,$12.74 ,0%,0,,
Despotism 3k - Soundtrack,['win'/ 'mac'/ 'lin'],-70%,$0.99 ,$0.84 ,0%,0,,
Anubis' Challenge,['win'/ 'hmd'/ 'htc'/ 'ocu'],-87%,$14.99 ,$12.74 ,0%,0,,
Double,['win'],-50%,$9.99 ,$7.99 ,0%,0,,
Doctor Tsunami,['win'],-40%,$5.99 ,$5.09 ,0%,0,,
Star Boss,['win'],-20%,$0.99 ,$0.49 ,0%,0,,
Whispering Flames,['win'],,$4.99 ,$4.49 ,0%,0,,
My zero trip,['win'/ 'mac'/ 'lin'],-51%,$0.99 ,$0.49 ,0%,0,,
killer7: 2018 Remastered Original Soundtrack,['win'],-67%,$9.99 ,$8.99 ,0%,0,,
Deadly Curse,['win'/ 'mac'/ 'lin'],-70%,$14.99 ,$10.49 ,0%,0,,
BattleMore,['win'],,$14.99 ,$13.49 ,0%,0,,
Rise of One,['win'],-25%,$9.99 ,$4.99 ,0%,0,,
Magicka 2: Three Cardinals Robe Pack,['win'/ 'mac'/ 'lin'],,$4.99 ,$2.49 ,0%,0,,
Age of Fear 3: The Elementalist Expansion,['win'/ 'mac'/ 'lin'],-50%,$4.99 ,$2.49 ,0%,0,,
Tropico 6,['win'/ 'mac'/ 'lin'],-20%,$49.99 ,$44.99 ,0%,0,,
Guns and Ghosts,['win'/ 'mac'],-80%,$4.99 ,$4.24 ,0%,0,,
The Evil Party,['win'],-20%,$0.99 ,$0.54 ,0%,0,,
RoboCritters,['win'],-87%,$0.99 ,$0.49 ,0%,0,,
Half-Life: A Place in the West - Chapter 5,['win'/ 'mac'/ 'lin'],-10%,$1.99 ,$1.49 ,0%,0,,
Sanctus Mortem,['win'/ 'mac'/ 'lin'],-23%,$9.99 ,$8.49 ,0%,0,,
Cosmic Top Secret,['win'/ 'mac'],,$14.99 ,$13.49 ,0%,0,,
Recursive Pain,['win'],,$0.99 ,$0.89 ,0%,0,,
Echoes III,['win'],-70%,$9.99 ,$6.99 ,0%,0,,
Bargain Hunter,['win'],-51%,$12.99 ,$11.69 ,0%,0,,
Judge Dredd 95,['win'/ 'lin'],-50%,$5.99 ,$4.01 ,0%,0,,
My Super Tower 3,['win'/ 'mac'/ 'lin'],-35%,$4.99 ,$3.34 ,0%,0,,
Surviving Mars: Stellaris Dome Set,['win'/ 'mac'/ 'lin'],-87%,$3.99 ,$2.99 ,0%,0,,
Magicka 2: Gates of Midg√•rd Challenge pack,['win'/ 'mac'/ 'lin'],,$3.99 ,$1.99 ,0%,0,,
GameGuru Mega Pack 1,['win'],,$24.99 ,$9.99 ,0%,0,,
Half-Life: A Place in the West - Chapter 2,['win'/ 'mac'/ 'lin'],-80%,$1.99 ,$0.99 ,0%,0,,
Substance Designer 2019,['win'/ 'mac'/ 'lin'],-87%,$149.99 ,$98.99 ,0%,0,,
Deadly Silence,['win'/ 'mac'/ 'lin'],-67%,$9.99 ,$6.99 ,0%,0,,
Astral Traveler,['win'/ 'mac'/ 'lin'],,$4.99 ,$2.49 ,0%,0,,
GameGuru - Death Valley Combat Pack,['win'],-38%,$29.99 ,$11.99 ,0%,0,,
Fluffy Creatures VS The World,['win'],,$0.99 ,$0.49 ,0%,0,,
BATTLETECH Flashpoint,['win'/ 'mac'],-50%,$19.99 ,$17.99 ,0%,0,,
AppGameKit - Giant Asset Pack 2,['win'/ 'mac'/ 'lin'],-50%,$19.99 ,$7.99 ,0%,0,,
S2ENGINE HD - Easy Game Pack,['win'],-15%,$9.99 ,$4.99 ,0%,0,,
Mytheon - Egypt Pack,['win'],-20%,$4.99 ,$2.49 ,0%,0,,
Jumper Magic,['win'],,$2.99 ,$2.24 ,0%,0,,
Unforgiving Trials: The Space Crusade,['win'],,$0.99 ,$0.49 ,0%,0,,
War Cube,['win'/ 'lin'],-50%,$0.99 ,$0.49 ,0%,0,,
Nazi,['win'],-51%,$5.99 ,$5.39 ,0%,0,,
Dinosaur Hunt - Brontosaurus Expansion Pack,['win'/ 'mac'/ 'lin'],,$0.99 ,$0.49 ,0%,0,,
Unforgiving Trials: The Darkest Crusade,['win'],,$0.99 ,$0.49 ,0%,0,,
NOBUNAGA‚ÄôS AMBITION: Shouseiroku with Power Up Kit / ‰ø°Èï∑„ÅÆÈáéÊúõ„ÉªÂ∞ÜÊòüÈå≤ with „Éë„ÉØ„Éº„Ç¢„ÉÉ„Éó„Ç≠„ÉÉ„Éà,['win'],,$19.99 ,$13.99 ,0%,0,,
Half-Life: A Place in the West - Chapter 4,['win'/ 'mac'/ 'lin'],-10%,$1.99 ,$1.49 ,0%,0,,
AppGameKit - GameGuru Loader,['win'],-50%,$39.99 ,$23.99 ,0%,0,,
Magicka: Mega Villain Robes,['win'],,$1.99 ,$0.99 ,0%,0,,
Magicka: Grimnir's Laboratory,['win'],-30%,$0.99 ,$0.49 ,0%,0,,
Kawanakajima no Kassen / Â∑ù‰∏≠Â≥∂„ÅÆÂêàÊà¶,['win'],,$12.99 ,$9.09 ,0%,0,,
Magicka: Peculiar Gadgets Item Pack,['win'],-33%,$1.99 ,$0.99 ,0%,0,,
Magicka: Heirlooms Item Pack,['win'],-50%,$1.99 ,$0.99 ,0%,0,,
Winning Post / „Ç¶„Ç§„Éã„É≥„Ç∞„Éù„Çπ„Éà,['win'],-50%,$12.99 ,$9.09 ,0%,0,,
Magicka: Lonely Island Cruise,['win'],-66%,$1.99 ,$0.99 ,0%,0,,
Magicka: Tower of Niflheim,['win'],-50%,$1.99 ,$0.99 ,0%,0,,
8-Bit Hordes - Soundtrack,['win'],-50%,$3.99 ,$2.03 ,0%,0,,
Half-Life: A Place in the West - Chapter 3,['win'/ 'mac'/ 'lin'],-15%,$1.99 ,$1.49 ,0%,0,,
Magicka: Aspiring Musician Robes,['win'],,$1.99 ,$0.99 ,0%,0,,
Duel Jousting,['win'/ 'mac'/ 'lin'],-10%,$4.99 ,$3.49 ,0%,0,,
Export Simulator,['win'],-25%,$3.99 ,$0.51 ,0%,0,,
DCS: F-14 by Heatblur Simulations,['win'],,$79.99 ,$71.99 ,0%,0,,
Magicka: Horror Props Item Pack,['win'],-15%,$2.99 ,$1.49 ,0%,0,,
Genghis Khan II: Clan of the Gray Wolf / Ëíº„ÅçÁãº„Å®ÁôΩ„ÅçÁâùÈπø„ÉªÂÖÉÊúùÁßòÂè≤,['win'],-10%,$12.99 ,$9.09 ,0%,0,,
Square Head Zombies 2 - FPS Game,['win'],-57%,$7.99 ,$0.79 ,0%,0,,
Half-Life: A Place in the West Soundtrack Vol 1,['win'/ 'mac'/ 'lin'],-33%,$2.99 ,$2.24 ,0%,0,,
Romance of the Three Kingdoms / ‰∏âÂúãÂøó,['win'],-34%,$12.99 ,$9.09 ,0%,0,,
NOBUNAGA‚ÄôS AMBITION: Haouden with Power Up Kit / ‰ø°Èï∑„ÅÆÈáéÊúõ„ÉªË¶áÁéã‰ºù with „Éë„ÉØ„Éº„Ç¢„ÉÉ„Éó„Ç≠„ÉÉ„Éà,['win'],-10%,$19.99 ,$13.99 ,0%,0,,
Romance of the Three Kingdoms ‚Ö° / ‰∏âÂúãÂøó‚Ö°,['win'],-67%,$12.99 ,$9.09 ,0%,0,,
Romance of the Three Kingdoms„ÄÄVI with Power Up Kit / ‰∏âÂúãÂøóVI with „Éë„ÉØ„Éº„Ç¢„ÉÉ„Éó„Ç≠„ÉÉ„Éà,['win'],,$19.99 ,$13.99 ,0%,0,,
Bounce Rescue!,['win'/ 'mac'/ 'lin'],-50%,$9.99 ,$0.99 ,0%,0,,
TheShooterGame,['win'],-50%,$2.99 ,$2.69 ,0%,0,,
Bandit Kings of Ancient China / Ê∞¥Êª∏‰ºù„ÉªÂ§©ÂëΩ„ÅÆË™ì„ÅÑ,['win'],-33%,$12.99 ,$9.09 ,0%,0,,
NOBUNAGA‚ÄôS AMBITION: Zenkokuban / ‰ø°Èï∑„ÅÆÈáéÊúõÔΩ•ÂÖ®ÂõΩÁâà,['win'],,$12.99 ,$9.09 ,0%,0,,
Obscure Realm,['win'],-50%,$1.99 ,$1.69 ,0%,0,,
NOBUNAGA'S AMBITION / ‰ø°Èï∑„ÅÆÈáéÊúõ,['win'],-65%,$12.99 ,$9.09 ,0%,0,,
Aoki Ookami to Shiroki Mejika / Ëíº„ÅçÁãº„Å®ÁôΩ„ÅçÁâùÈπø,['win'],-33%,$12.99 ,$9.09 ,0%,0,,
Hyper Simon X: Deluxe Edition,['win'],-25%,$1.98 ,$0.74 ,0%,0,,
Romance of the Three Kingdoms ‚Ö¢ / ‰∏âÂúãÂøó‚Ö¢,['win'],,$19.99 ,$13.99 ,0%,0,,
Fateholders of Tetsoidea,['win'],-60%,$1.99 ,$1.79 ,0%,0,,
MAGIX Video deluxe 2019 Plus Steam Edition,['win'],,$99.99 ,$59.99 ,0%,0,,
NOBUNAGA'S AMBITION: Bushou Fuunroku / ‰ø°Èï∑„ÅÆÈáéÊúõÔΩ•Ê≠¶Â∞ÜÈ¢®Èõ≤Èå≤,['win'],-50%,$19.99 ,$13.99 ,0%,0,,
Stick Nightmare,['win'/ 'lin'],-30%,$0.99 ,$0.89 ,0%,0,,
PLANET RESERVE,['win'],-50%,$11.99 ,$3.59 ,0%,0,,
Runner3 - Official Soundtrack,['win'/ 'mac'],,$9.99 ,$1.99 ,0%,0,,
Hentai Xonix,['win'],-60%,$0.99 ,$0.59 ,0%,0,,
Runner3 - Retro Challenge Soundtrack,['win'/ 'mac'],,$4.99 ,$0.99 ,0%,0,,
Battlefleet Gothic: Armada 2,['win'],-50%,$39.99 ,$35.99 ,0%,0,,
Judged: A Court Simulator,['win'],-51%,$6.99 ,$4.19 ,0%,0,,
Elite Archery,['win'],,$0.99 ,$0.59 ,0%,0,,
Deadly Curse Collection:,['win'/ 'mac'/ 'lin'],-51%,$30.98 ,$17.34 ,0%,0,,
Special Counter Force Attack,['win'],-50%,$9.99 ,$5.99 ,0%,0,,
Steel Vampire Soundtrack Edition,['win'],,$12.98 ,$9.61 ,0%,0,,
Naughty study for exams with a ghost,['win'],-50%,$1.99 ,$1.19 ,0%,0,,
Love Casino: Smoking Aces,['win'/ 'mac'],,$4.99 ,$3.24 ,0%,0,,
Red points,['win'],-51%,$0.99 ,$0.60 ,0%,0,,
Hentai MineSweeper - Endless Mode,['win'/ 'mac'],-51%,$3.99 ,$2.39 ,0%,0,,
BIT.TRIP Presents... Runner2: Future Legend of Rhythm Alien Soundtrack,['win'/ 'mac'/ 'lin'],-51%,$9.99 ,$0.99 ,0%,0,,
The Sounds of A Place in the West,['win'/ 'mac'/ 'lin'],-30%,$5.98 ,$4.71 ,0%,0,,
Escape From The Dragons,['win'/ 'mac'],,$0.99 ,$0.59 ,0%,0,,
Qbike: Crypto Motorcycles,['win'/ 'mac'/ 'lin'],-25%,$5.99 ,$2.09 ,0%,0,,
Shoottris: Beyond the Classic Game,['win'],-50%,$4.99 ,$2.49 ,0%,0,,
Fishing Sim World: Quad Lake Pass,['win'],-50%,$36.99 ,$29.59 ,0%,0,,
ART√©: Mecenas¬Æ,['win'/ 'mac'],,$19.99 ,$17.99 ,0%,0,,
Echoes III Complete Bundle,['win'],-50%,$12.98 ,$7.48 ,0%,0,,
Truth Of Falchion: Bundle Extendet,['win'],,,,0%,0,,
JumpingBoy,['win'],-50%,$0.99 ,$0.59 ,0%,0,,
Professor Watts Memory Match: Expressions,['win'],-30%,$0.99 ,$0.49 ,0%,0,,
Stunt Island,['win'/ 'mac'],-51%,$9.99 ,$5.99 ,0%,0,,
Pixel Bombs,['win'],,$0.99 ,$0.59 ,0%,0,,
RUN,['win'/ 'hmd'/ 'htc'/ 'ocu'],,$1.99 ,$0.67 ,0%,0,,
Á•õÈ≠Ö¬∑ÂÖ•ÁÅ≠ÔºàÁ•õÈ≠Ö2Ôºâ - Disenchantment Nirvana,['win'],-33%,$6.99 ,$5.24 ,0%,0,,
Space Guard,['win'],-67%,$0.99 ,$0.59 ,0%,0,,
IronBorn,['win'],-50%,$4.99 ,$2.49 ,0%,0,,
Mahjong Magic Journey 2,['win'/ 'mac'],-51%,$4.99 ,$2.99 ,0%,0,,
Santa Runner,['win'],-30%,$0.99 ,$0.59 ,0%,0,,
Dr. Who: Daleks Invasion of Earth 2150 AD,['str'],-72%,$2.99 ,$1.79 ,0%,0,,
Colonization of the Moon,['win'],,$0.99 ,$0.59 ,0%,0,,
BIT.TRIP FLUX Soundtrack,['win'/ 'mac'],-51%,$5.99 ,$0.95 ,0%,0,,
Cosmic Top Secret + Soundtrack,['win'/ 'mac'],-30%,$19.98 ,$16.63 ,0%,0,,
NukGames Soundtrack Pack,['win'],,$5.94 ,$1.10 ,0%,0,,
The Bad Gravedigger - Insurrection,['win'],-87%,$1.99 ,$1.19 ,0%,0,,
Asterix & Obelix XXL 2,['win'],,$29.99 ,$26.99 ,0%,0,,
TAL: Jungle - Soundtrack,['win'],,$0.99 ,$0.59 ,0%,0,,
Dangerous Lands - Soundtrack,['win'],-50%,$0.99 ,$0.49 ,0%,0,,
The Occluder: Soundtrack,['win'],-30%,$0.99 ,$0.59 ,0%,0,,
Dr. Who & The Daleks,['str'],,$3.99 ,$2.39 ,0%,0,,
Dalekmania,['str'],-50%,$2.99 ,$1.79 ,0%,0,,
Alpha & Beta,['win'],-50%,$4.99 ,$2.99 ,0%,0,,
RollTheEarth,['win'],-33%,$1.99 ,$1.09 ,0%,0,,
Hyper Simon X: Original Soundtrack,['win'],,$0.99 ,$0.49 ,0%,0,,
WAR_WAR_WAR: Smiles vs Ghosts,['win'],,$0.99 ,$0.49 ,0%,0,,
Misfit,['win'],-30%,$29.99 ,$16.49 ,0%,0,,
Christmas Carol,['win'],,$9.99 ,$6.99 ,0%,0,,
REVENGER: Age of Morons,['win'],-30%,$0.99 ,$0.49 ,0%,0,,
Robothorium - Skin pack,['win'/ 'mac'/ 'lin'],-90%,$1.99 ,$1.33 ,0%,0,,
Strike Force Remastered,['win'],,$4.99 ,$4.49 ,0%,0,,
Blackguards Deluxe Edition,['win'/ 'mac'],-50%,$14.99 ,$2.39 ,0%,0,,
Mighty Gemstones - Skins,['win'],-50%,$0.99 ,$0.49 ,0%,0,,
Reynard,['win'/ 'lin'],-30%,$8.99 ,$7.19 ,0%,0,,
ExtinctionArts,['win'],,$11.98 ,$3.27 ,0%,0,,
Lovestory,['win'],-30%,$5.99 ,$3.59 ,0%,0,,
A New Beginning - Final Cut Soundtrack,['win'/ 'mac'],,$2.99 ,$0.74 ,0%,0,,
Xenochamber,['win'/ 'mac'],-30%,$6.99 ,$4.89 ,0%,0,,
Spark Five,['win'/ 'mac'],-64%,$2.99 ,$2.09 ,0%,0,,
Armored Fighter,['win'],-10%,$2.99 ,$2.09 ,0%,0,,
Pixel Draw - Expansion Pack 6,['win'],-10%,$0.99 ,$0.74 ,0%,0,,
killer7: Digital Art Booklet,['win'],,$2.99 ,$2.69 ,0%,0,,
Amazing,['win'],-40%,$5.98 ,$2.28 ,0%,0,,
Wildlife Park 3 - Africa,['win'],,$9.99 ,$7.99 ,0%,0,,
Nelson and the Magic Cauldron,['win'/ 'mac'/ 'lin'],-40%,$14.99 ,$13.49 ,0%,0,,
Rogue Rails,['win'],-37%,$9.99 ,$7.49 ,0%,0,,
Infinitum - Soundtracks,['win'],,$1.99 ,$0.49 ,0%,0,,
ARENA 8,['win'],-60%,$0.99 ,$0.49 ,0%,0,,
Cult of the Glitch King,['win'],-39%,$7.99 ,$5.99 ,0%,0,,
Croquet Pro 2,['win'],,$6.99 ,$6.15 ,0%,0,,
Case Opener Guns,['win'],-66%,$1.99 ,$1.59 ,0%,0,,
Queen of Seas 2 - Original Sound Track,['win'],-33%,$0.99 ,$0.49 ,0%,0,,
Queen of Seas 2 - Wallpapers,['win'],-34%,$0.99 ,$0.49 ,0%,0,,
Legends of Koyannis,['win'],-15%,$4.99 ,$3.74 ,0%,0,,
Andarilho - Aliens,['win'],-45%,$0.99 ,$0.49 ,0%,0,,
Pixel Puzzles Ultimate - Puzzle Pack: Variety Pack 4,['win'],,$11.99 ,$9.59 ,0%,0,,
Taking Valhalla VR,['win'/ 'hmd'/ 'htc'],,$0.99 ,$0.49 ,0%,0,,
HappyBlock,['win'],-49%,$1.99 ,$1.19 ,0%,0,,
The 'I Love Money' Show,['win'/ 'mac'],,$1.99 ,$1.39 ,0%,0,,
Ralf,['win'],-64%,$9.99 ,$7.99 ,0%,0,,
WatchFamily,['win'],-41%,$0.99 ,$0.79 ,0%,0,,
Case Simulator Weapons and Armors,['win'],-67%,$2.99 ,$2.39 ,0%,0,,
Quiet as a Stone,['win'/ 'mac'],,$9.99 ,$8.99 ,0%,0,,
Lonely shooter,['win'/ 'mac'],-60%,$0.99 ,$0.79 ,0%,0,,
Psi Cards - Soundtrack,['win'/ 'mac'/ 'lin'],-90%,$0.99 ,$0.49 ,0%,0,,
Deadly Curse: Insane Nightmare,['win'/ 'mac'/ 'lin'],,$15.99 ,$11.19 ,0%,0,,
From The Sky: New Horizon,['win'],,$0.99 ,$0.59 ,0%,0,,
Anstorm,['win'],-80%,$0.99 ,$0.84 ,0%,0,,
Street Racing,['win'],,$14.99 ,$11.99 ,0%,0,,
Nonogram,['win'/ 'mac'/ 'lin'],-52%,$4.99 ,$4.49 ,0%,0,,
Suprapong,['win'],-33%,$8.99 ,$7.64 ,0%,0,,
HEAVEN AND HELL - the last war,['win'/ 'mac'/ 'lin'],-40%,$3.99 ,$3.19 ,0%,0,,
Rise of Crustaceans,['win'],,$3.99 ,$2.79 ,0%,0,,
Tabletopia - The Networks,['win'/ 'mac'],-80%,$5.99 ,$5.09 ,0%,0,,
Tabletopia - Between Two Castles of Mad King Ludwig,['win'/ 'mac'],,$5.99 ,$5.09 ,0%,0,,
Tabletopia - NOIR,['win'/ 'mac'],-10%,$5.99 ,$5.09 ,0%,0,,
Massive multiplayer war shooter,['win'/ 'mac'/ 'lin'],,$4.99 ,$4.24 ,0%,0,,
Chief's Quest,['win'],-40%,$4.99 ,$4.24 ,0%,0,,
Mahjong Secrets,['win'/ 'mac'],,$5.99 ,$5.39 ,0%,0,,
Rampage Online,['win'],-72%,$1.99 ,$1.79 ,0%,0,,
My Super Tower 3 Soundtrack,['win'/ 'mac'/ 'lin'],-15%,$1.99 ,$1.19 ,0%,0,,
Siam Twinstick,['win'],-35%,$3.99 ,$3.51 ,0%,0,,
Geometry Runner Online,['win'],-40%,$0.99 ,$0.69 ,0%,0,,
Chronus Arc,['win'],,$12.99 ,$11.69 ,0%,0,,
Doodle Farm,['win'/ 'mac'/ 'lin'],-44%,$8.99 ,$7.64 ,0%,0,,
Little Adventurer III,['win'],,$1.99 ,$1.23 ,0%,0,,
Croquet Pro,['win'],-31%,$6.99 ,$6.15 ,0%,0,,
Brathian,['win'],,$2.99 ,$2.00 ,0%,0,,
Kumpels-Acquisition,['win'],,$3.99 ,$3.59 ,0%,0,,
Campido,['win'],-40%,$4.99 ,$4.49 ,0%,0,,
GameGuru - Antiques In The Attic Pack,['win'],,$29.99 ,$23.99 ,0%,0,,
Age of Fear: The World Map,['win'/ 'mac'/ 'lin'],-49%,$0.99 ,$0.49 ,0%,0,,
Steel Vampire Original Soundtrack,['win'],-26%,$2.99 ,$2.69 ,0%,0,,
Visual Novel Maker - Symphonic Adventure Music Vol.1,['win'/ 'mac'/ 'lin'],,$19.99 ,$17.99 ,0%,0,,
RPG Maker MV - Tyler Warren RPG Battlers Pixel-Style 1,['win'/ 'mac'/ 'lin'],-73%,$17.99 ,$16.19 ,0%,0,,
RPG Maker MV - Symphonic Adventure Music Vol.1,['win'/ 'mac'/ 'lin'],-56%,$19.99 ,$17.99 ,0%,0,,
RPG Maker MV - Retro Fantasy Music Pack Vol 2,['win'/ 'mac'/ 'lin'],-40%,$17.99 ,$16.19 ,0%,0,,
RPG Maker VX Ace - Tyler Warren RPG Battlers Pixel-Style 1,['win'],,$17.99 ,$16.19 ,0%,0,,
RPG Maker VX Ace - Symphonic Adventure Music Vol.1,['win'],,$19.99 ,$17.99 ,0%,0,,
VR Smash Park,['win'/ 'hmd'/ 'htc'/ 'win'],,$11.99 ,$10.79 ,0%,0,,
Bomber Arena,['win'],-93%,$4.99 ,$4.49 ,0%,0,,
RPG Maker MV - TOKIWA GRAPHICS Battle BG No.4 Dungeon/Cave,['win'/ 'mac'/ 'lin'],-35%,$9.99 ,$8.99 ,0%,0,,
RPG Maker MV - TOKIWA GRAPHICS Battle BG No.2 Woods/Riverside,['win'/ 'mac'/ 'lin'],,$9.99 ,$8.99 ,0%,0,,
RPG Maker MV - TOKIWA GRAPHICS Battle BG No.3 Rocks/Cliff,['win'/ 'mac'/ 'lin'],-39%,$9.99 ,$8.99 ,0%,0,,
RPG Maker MV - TOKIWA GRAPHICS Battle BG No.1 Village/Field,['win'/ 'mac'/ 'lin'],,$9.99 ,$8.99 ,0%,0,,
Medieval Battle: Europe,['win'/ 'mac'],-53%,$9.99 ,$8.99 ,0%,0,,
Survivor in Summer,['win'],,$1.99 ,$1.49 ,0%,0,,
Little Adventurer II,['win'],,$0.99 ,$0.61 ,0%,0,,
BRIGHTEST,['win'],-49%,$1.99 ,$1.49 ,0%,0,,
Age of Fear: Concept Art Book,['win'/ 'mac'/ 'lin'],,$3.99 ,$1.99 ,0%,0,,
GameGuru - Construction Site Pack,['win'],,$29.99 ,$20.99 ,0%,0,,
FortOfTheNight,['win'],,$5.99 ,$5.39 ,0%,0,,
DeerHunterX,['win'],-39%,$1.99 ,$1.79 ,0%,0,,
Magicka: Party Robes DLC,['win'],-57%,$1.99 ,$0.99 ,0%,0,,
Coinon,['win'],-11%,$10.99 ,$9.89 ,0%,0,,
Piatka,['win'],-34%,$0.99 ,$0.59 ,0%,0,,
Ishin no Arashi / Á∂≠Êñ∞„ÅÆÂµê,['win'],-82%,$12.99 ,$9.09 ,0%,0,,
